movie_name,released_Year,runtime,Certificate,rating,vote_count,meta_score,director
Citizen Kane,1941,1h 59m,PG,8.3,476K,100,Orson Welles
Vertigo,1958,2h 8m,PG,8.3,439K,100,Alfred Hitchcock
2001: A Space Odyssey,1968,2h 29m,G,8.3,743K,84,Stanley Kubrick
Tokyo Story,1953,2h 17m,Not Rated,8.1,72K,100,Yasujirô Ozu
The Rules of the Game,1939,1h 50m,Not Rated,7.9,32K,99,Jean Renoir
The Godfather,1972,2h 55m,R,9.2,2.1M,100,Francis Ford Coppola
8½,1963,2h 18m,Not Rated,8.0,128K,93,Federico Fellini
Sunrise,1927,1h 34m,Passed,8.1,55K,95,F.W. Murnau
The Searchers,1956,1h 59m,Approved,7.8,99K,94,John Ford
Seven Samurai,1954,3h 27m,Not Rated,8.6,379K,98,Akira Kurosawa
Singin' in the Rain,1952,1h 43m,G,8.3,269K,99,Stanley Donen
"Jeanne Dielman, 23, quai du commerce, 1080 Bruxelles",1975,3h 22m,Not Rated,7.5,15K,94,Chantal Akerman
Apocalypse Now,1979,2h 27m,R,8.4,732K,94,Francis Ford Coppola
Taxi Driver,1976,1h 54m,R,8.2,959K,94,Martin Scorsese
Bicycle Thieves,1948,1h 29m,Not Rated,8.3,182K,,Vittorio De Sica
Persona,1966,1h 23m,Not Rated,8.0,134K,86,Ingmar Bergman
In the Mood for Love,2000,1h 38m,PG,8.1,173K,87,Wong Kar-Wai
The Passion of Joan of Arc,1928,1h 54m,Passed,8.1,63K,98,Carl Theodor Dreyer
Breathless,1960,1h 30m,Not Rated,7.7,90K,,Jean-Luc Godard
L'Atalante,1934,1h 29m,Not Rated,7.7,18K,,Jean Vigo
Battleship Potemkin,1925,1h 6m,Not Rated,7.9,63K,97,Sergei Eisenstein
Man with a Movie Camera,1929,1h 8m,Not Rated,8.3,29K,96,Dziga Vertov
Mirror,1975,1h 47m,Not Rated,7.9,54K,82,Andrei Tarkovsky
Rashomon,1950,1h 28m,Not Rated,8.2,187K,98,Akira Kurosawa
City Lights,1931,1h 27m,G,8.5,204K,99,Charles Chaplin
The 400 Blows,1959,1h 39m,Not Rated,8.0,130K,,François Truffaut
Andrei Rublev,1966,3h 9m,R,8.0,58K,,Andrei Tarkovsky
Psycho,1960,1h 49m,R,8.5,742K,97,Alfred Hitchcock
Au hasard Balthazar,1966,1h 35m,Not Rated,7.7,24K,98,Robert Bresson
Mulholland Drive,2001,2h 27m,R,7.9,395K,87,David Lynch
The Godfather Part II,1974,3h 22m,R,9.0,1.4M,90,Francis Ford Coppola
Some Like It Hot,1959,2h 1m,Approved,8.2,291K,98,Billy Wilder
Ordet,1955,2h 6m,Not Rated,8.2,18K,,Carl Theodor Dreyer
La Dolce Vita,1960,2h 54m,Not Rated,8.0,81K,95,Federico Fellini
Raging Bull,1980,2h 9m,R,8.1,391K,90,Martin Scorsese
The Night of the Hunter,1955,1h 32m,Approved,8.0,101K,97,Charles Laughton
L'Avventura,1960,2h 24m,Not Rated,7.7,34K,,Michelangelo Antonioni
Casablanca,1942,1h 42m,PG,8.5,623K,100,Michael Curtiz
Rear Window,1954,1h 52m,PG,8.5,539K,100,Alfred Hitchcock
Playtime,1967,2h 35m,Not Rated,7.8,27K,99,Jacques Tati
Blade Runner,1982,1h 57m,R,8.1,844K,84,Ridley Scott
Contempt,1963,1h 42m,Not Rated,7.4,37K,,Jean-Luc Godard
Barry Lyndon,1975,3h 5m,PG,8.1,190K,89,Stanley Kubrick
Pather Panchali,1955,2h 5m,Not Rated,8.2,40K,,Satyajit Ray
Touch of Evil,1958,1h 35m,PG-13,8.0,112K,99,Orson Welles
Sunset Boulevard,1950,1h 50m,Approved,8.4,245K,94,Billy Wilder
Stalker,1979,2h 42m,Not Rated,8.0,149K,85,Andrei Tarkovsky
Close-Up,1990,1h 38m,Not Rated,8.2,24K,92,Abbas Kiarostami
Lawrence of Arabia,1962,3h 47m,PG,8.3,325K,100,David Lean
The General,1926,1h 18m,Passed,8.1,101K,,Clyde Bruckman
Beau Travail,1999,1h 32m,Unrated,7.3,16K,91,Claire Denis
Modern Times,1936,1h 27m,G,8.5,269K,96,Charles Chaplin
Late Spring,1949,1h 50m,Not Rated,8.2,20K,93,Yasujirô Ozu
,1931,1h 39m,Passed,8.3,175K,,Fritz Lang
The Third Man,1949,1h 44m,Approved,8.1,187K,97,Carol Reed
North by Northwest,1959,2h 16m,Approved,8.3,357K,98,Alfred Hitchcock
Ugetsu,1953,1h 36m,Not Rated,8.1,27K,,Kenji Mizoguchi
The Battle of Algiers,1966,2h 1m,Not Rated,8.1,69K,96,Gillo Pontecorvo
The Apartment,1960,2h 5m,Approved,8.3,205K,94,Billy Wilder
The Grand Illusion,1937,1h 53m,Not Rated,8.1,40K,,Jean Renoir
Wild Strawberries,1957,1h 32m,Not Rated,8.1,119K,88,Ingmar Bergman
Fanny and Alexander,1982,3h 8m,R,8.1,69K,100,Ingmar Bergman
Goodfellas,1990,2h 25m,R,8.7,1.3M,92,Martin Scorsese
Shoah,1985,9h 26m,Not Rated,8.7,11K,99,Claude Lanzmann
Rio Bravo,1959,2h 21m,Approved,8.0,70K,93,Howard Hawks
Dr. Strangelove or: How I Learned to Stop Worrying and Love the Bomb,1964,1h 35m,PG,8.3,532K,97,Stanley Kubrick
Pierrot le Fou,1965,1h 50m,PG-13,7.4,38K,,Jean-Luc Godard
Journey to Italy,1954,1h 37m,Approved,7.3,13K,100,Roberto Rossellini
Once Upon a Time in the West,1968,2h 46m,PG-13,8.5,362K,82,Sergio Leone
Chinatown,1974,2h 10m,R,8.1,360K,92,Roman Polanski
Do the Right Thing,1989,2h,,7.9,116K,93,Spike Lee
Metropolis,1927,2h 33m,Not Rated,8.3,192K,98,Fritz Lang
La Strada,1954,1h 48m,Not Rated,8.0,68K,,Federico Fellini
A Woman Under the Influence,1974,2h 35m,R,8.0,31K,88,John Cassavetes
Children of Paradise,1945,3h 9m,Not Rated,8.3,22K,96,Marcel Carné
The Leopard,1963,3h 6m,PG,7.9,31K,100,Luchino Visconti
Amarcord,1973,2h 3m,R,7.8,49K,,Federico Fellini
A Man Escaped,1956,1h 41m,Not Rated,8.2,27K,,Robert Bresson
Pulp Fiction,1994,2h 34m,R,8.9,2.3M,95,Quentin Tarantino
The Wild Bunch,1969,2h 15m,R,7.9,92K,98,Sam Peckinpah
It's a Wonderful Life,1946,2h 10m,PG,8.6,521K,89,Frank Capra
The Seventh Seal,1957,1h 36m,Not Rated,8.1,205K,88,Ingmar Bergman
The Conformist,1970,1h 53m,R,7.9,36K,100,Bernardo Bertolucci
Sansho the Bailiff,1954,2h 4m,Not Rated,8.4,19K,96,Kenji Mizoguchi
The Magnificent Ambersons,1942,1h 28m,Approved,7.6,27K,93,Orson Welles
The Shining,1980,2h 26m,R,8.4,1.1M,68,Stanley Kubrick
Blue Velvet,1986,2h,,7.7,222K,75,David Lynch
Viridiana,1961,1h 31m,Not Rated,8.0,27K,,Luis Buñuel
Pickpocket,1959,1h 16m,Not Rated,7.6,26K,,Robert Bresson
Nashville,1975,2h 40m,R,7.6,29K,96,Robert Altman
The Man Who Shot Liberty Valance,1962,2h 3m,Approved,8.1,85K,94,John Ford
Jaws,1975,2h 4m,PG,8.1,684K,87,Steven Spielberg
The Gold Rush,1925,1h 35m,Approved,8.1,122K,,Charles Chaplin
Gertrud,1964,1h 56m,Not Rated,7.3,7K,,Carl Theodor Dreyer
La Jetée,1962,28m,Not Rated,8.2,38K,,Chris Marker
Sans Soleil,1983,1h 40m,Not Rated,7.7,12K,,Chris Marker
Cléo from 5 to 7,1962,1h 30m,Not Rated,7.8,29K,87,Agnès Varda
Jules and Jim,1962,1h 45m,Not Rated,7.7,45K,97,François Truffaut
Meshes of the Afternoon,1943,14m,Not Rated,7.8,16K,,Maya Deren
Satantango,1994,7h 19m,Not Rated,8.2,13K,,Béla Tarr
Sherlock Jr.,1924,45m,Passed,8.2,60K,,Buster Keaton
To Be or Not to Be,1942,1h 39m,Approved,8.1,46K,86,Ernst Lubitsch
The Earrings of Madame De...,1953,1h 45m,Not Rated,7.9,11K,,Max Ophüls
Ali: Fear Eats the Soul,1974,1h 33m,Not Rated,8.0,25K,,Rainer Werner Fassbinder
The Mother and the Whore,1973,3h 30m,Not Rated,7.7,7K,89,Jean Eustache
A Clockwork Orange,1971,2h 16m,R,8.2,901K,77,Stanley Kubrick
"Aguirre, the Wrath of God",1972,1h 35m,Not Rated,7.8,64K,,Werner Herzog
Ikiru,1952,2h 23m,Not Rated,8.3,94K,92,Akira Kurosawa
Last Year at Marienbad,1961,1h 34m,Not Rated,7.6,26K,,Alain Resnais
Annie Hall,1977,1h 33m,PG,7.9,282K,92,Woody Allen
Come and See,1985,2h 22m,Not Rated,8.3,108K,,Elem Klimov
The Spirit of the Beehive,1973,1h 38m,Not Rated,7.8,21K,87,Víctor Erice
Greed,1924,2h 20m,Not Rated,8.0,11K,,Erich von Stroheim
The Piano,1993,2h 1m,R,7.5,97K,89,Jane Campion
A Brighter Summer Day,1991,3h 57m,Not Rated,8.2,14K,91,Edward Yang
Once Upon a Time in America,1984,3h 49m,R,8.3,389K,75,Sergio Leone
The Wizard of Oz,1939,1h 42m,G,8.1,444K,92,Victor Fleming
Yi Yi,2000,2h 53m,Not Rated,8.1,30K,94,Edward Yang
Hiroshima Mon Amour,1959,1h 30m,Not Rated,7.8,37K,,Alain Resnais
The Red Shoes,1948,2h 15m,Not Rated,8.1,41K,,Michael Powell
Don't Look Now,1973,1h 50m,R,7.1,65K,95,Nicolas Roeg
Bringing Up Baby,1938,1h 42m,Approved,7.8,68K,91,Howard Hawks
Intolerance,1916,2h 43m,Passed,7.7,17K,99,D.W. Griffith
Blow-Up,1966,1h 51m,Not Rated,7.4,70K,82,Michelangelo Antonioni
A Day in the Country,1946,40m,Not Rated,7.5,7.3K,,Jean Renoir
L'Eclisse,1962,2h 6m,Not Rated,7.7,23K,,Michelangelo Antonioni
Letter from an Unknown Woman,1948,1h 27m,Approved,7.9,14K,,Max Ophüls
A Matter of Life and Death,1946,1h 44m,PG,8.0,26K,,Michael Powell
Vivre sa vie,1962,1h 25m,Not Rated,7.8,36K,,Jean-Luc Godard
Notorious,1946,1h 42m,Approved,7.9,110K,100,Alfred Hitchcock
Alien,1979,1h 57m,R,8.5,999K,89,Ridley Scott
Imitation of Life,1959,2h 5m,Approved,7.8,19K,87,Douglas Sirk
All About Eve,1950,2h 18m,Approved,8.2,143K,98,Joseph L. Mankiewicz
Histoire(s) du cinéma,1988,,,7.2,863,,Jean-Luc Godard
My Darling Clementine,1946,1h 37m,Approved,7.7,27K,,John Ford
E.T. the Extra-Terrestrial,1982,1h 55m,PG,7.9,449K,92,Steven Spielberg
Spirited Away,2001,2h 4m,PG,8.6,889K,96,Hayao Miyazaki
The Exterminating Angel,1962,1h 35m,Not Rated,8.0,36K,,Luis Buñuel
The Young and the Damned,1950,1h 20m,Not Rated,8.2,23K,,Luis Buñuel
His Girl Friday,1940,1h 32m,Approved,7.8,65K,,Howard Hawks
The Gospel According to St. Matthew,1964,2h 17m,Not Rated,7.6,14K,,Pier Paolo Pasolini
Celine and Julie Go Boating,1974,3h 13m,Unrated,7.2,6.6K,100,Jacques Rivette
Gone with the Wind,1939,3h 58m,G,8.2,342K,97,Victor Fleming
Killer of Sheep,1978,1h 20m,,7.2,7.7K,96,Charles Burnett
One Flew Over the Cuckoo's Nest,1975,2h 13m,R,8.7,1.1M,84,Milos Forman
Daisies,1966,1h 15m,Not Rated,7.2,16K,,Vera Chytilová
Nosferatu: A Symphony of Horror,1922,1h 34m,Not Rated,7.8,113K,,F.W. Murnau
The Umbrellas of Cherbourg,1964,1h 31m,Not Rated,7.8,33K,86,Jacques Demy
Un chien andalou,1929,16m,Not Rated,7.6,55K,,Luis Buñuel
The Conversation,1974,1h 53m,PG,7.7,127K,88,Francis Ford Coppola
Wanda,1970,1h 42m,GP,7.1,6.1K,,Barbara Loden
L'Argent,1983,1h 25m,Not Rated,7.4,12K,95,Robert Bresson
Days of Heaven,1978,1h 34m,PG,7.7,65K,94,Terrence Malick
"Rome, Open City",1945,1h 43m,Not Rated,8.0,31K,,Roberto Rossellini
Trouble in Paradise,1932,1h 23m,Approved,7.9,17K,,Ernst Lubitsch
"The Good, the Bad and the Ugly",1966,2h 58m,R,8.8,839K,90,Sergio Leone
Chungking Express,1994,1h 42m,PG-13,8.0,101K,78,Wong Kar-Wai
Star Wars: Episode IV - A New Hope,1977,2h 1m,PG,8.6,1.5M,90,George Lucas
Manhattan,1979,1h 36m,R,7.8,150K,83,Woody Allen
My Neighbor Totoro,1988,1h 26m,G,8.1,398K,87,Hayao Miyazaki
There Will Be Blood,2007,2h 38m,R,8.2,660K,93,Paul Thomas Anderson
Tropical Malady,2004,1h 58m,Not Rated,7.1,6.5K,81,Apichatpong Weerasethakul
Cries & Whispers,1972,1h 32m,R,7.9,38K,,Ingmar Bergman
The Passenger,1975,2h 6m,PG,7.5,27K,90,Michelangelo Antonioni
Badlands,1973,1h 34m,PG,7.7,80K,94,Terrence Malick
L'âge d'or,1930,1h 3m,Not Rated,7.2,15K,,Luis Buñuel
The Deer Hunter,1978,3h 3m,R,8.1,371K,90,Michael Cimino
Dekalog,1989,,,8.9,30K,100,Artur Barcis
The Texas Chain Saw Massacre,1974,1h 23m,R,7.4,195K,91,Tobe Hooper
Double Indemnity,1944,1h 47m,Approved,8.3,173K,95,Billy Wilder
Duck Soup,1933,1h 9m,Approved,7.7,64K,93,Leo McCarey
The Discreet Charm of the Bourgeoisie,1972,1h 42m,PG,7.8,48K,93,Luis Buñuel
Touki Bouki,1973,1h 25m,Not Rated,7.0,4.3K,,Djibril Diop Mambéty
Stagecoach,1939,1h 36m,Approved,7.8,56K,93,John Ford
Rosemary's Baby,1968,2h 17m,R,8.0,245K,96,Roman Polanski
Only Angels Have Wings,1939,2h 1m,Approved,7.6,16K,86,Howard Hawks
Earth,1930,1h 15m,Unrated,7.2,6.6K,,Aleksandr Dovzhenko
The Color of Pomegranates,1969,1h 19m,Not Rated,7.6,15K,,Sergei Parajanov
Brief Encounter,1945,1h 26m,Approved,8.0,46K,92,David Lean
The Birds,1963,1h 59m,PG-13,7.6,211K,90,Alfred Hitchcock
Portrait of a Lady on Fire,2019,2h 2m,R,8.1,116K,95,Céline Sciamma
The River,1951,1h 39m,Approved,7.4,7.1K,,Jean Renoir
Mouchette,1967,1h 21m,Not Rated,7.7,13K,,Robert Bresson
Ran,1985,2h 40m,R,8.2,141K,97,Akira Kurosawa
Johnny Guitar,1954,1h 50m,Approved,7.6,20K,83,Nicholas Ray
Chimes at Midnight,1965,1h 55m,Not Rated,7.6,11K,94,Orson Welles
Vampyr,1932,1h 15m,Approved,7.4,21K,,Carl Theodor Dreyer
La Notte,1961,2h 2m,Not Rated,7.9,25K,,Michelangelo Antonioni
Out of the Past,1947,1h 37m,Approved,8.0,42K,85,Jacques Tourneur
The Tree of Life,2011,2h 19m,PG-13,6.8,187K,85,Terrence Malick
Spring in a Small Town,1948,1h 38m,,7.3,3.5K,,Mu Fei
Black Narcissus,1947,1h 41m,Approved,7.7,29K,86,Michael Powell
Napoleon,1927,5h 30m,,8.2,9.2K,,Abel Gance
Rocco and His Brothers,1960,2h 59m,Not Rated,8.2,23K,84,Luchino Visconti
Paisan,1946,2h,,7.6,9.9K,,Roberto Rossellini
"Salò, or the 120 Days of Sodom",1975,1h 57m,TV-MA,5.8,68K,,Pier Paolo Pasolini
A City of Sadness,1989,2h 37m,,7.8,6.4K,,Hsiao-Hsien Hou
Vagabond,1985,1h 45m,Not Rated,7.6,14K,,Agnès Varda
The Lady Eve,1941,1h 34m,Approved,7.7,24K,96,Preston Sturges
Nights of Cabiria,1957,1h 50m,Not Rated,8.1,54K,,Federico Fellini
"Paris, Texas",1984,2h 25m,R,8.1,128K,81,Wim Wenders
King Kong,1933,1h 40m,Approved,7.9,93K,92,Merian C. Cooper
On the Waterfront,1954,1h 48m,Approved,8.1,170K,91,Elia Kazan
The Last Laugh,1924,1h 30m,Not Rated,8.0,16K,,F.W. Murnau
News from Home,1976,1h 29m,,7.3,3.1K,,Chantal Akerman
Close Encounters of the Third Kind,1977,2h 18m,PG,7.6,223K,90,Steven Spielberg
Raiders of the Lost Ark,1981,1h 55m,PG,8.4,1.1M,86,Steven Spielberg
The Gleaners & I,2000,1h 22m,Not Rated,7.7,9.2K,86,Agnès Varda
The Life and Death of Colonel Blimp,1943,2h 43m,Approved,8.0,17K,93,Michael Powell
Death in Venice,1971,2h 10m,GP,7.3,24K,,Luchino Visconti
The Thing,1982,1h 49m,R,8.2,488K,57,John Carpenter
Wavelength,1967,45m,Not Rated,5.4,3.2K,,Michael Snow
Wings of Desire,1987,2h 8m,PG-13,7.9,80K,79,Wim Wenders
The Great Dictator,1940,2h 5m,G,8.4,246K,,Charles Chaplin
Solaris,1972,2h 47m,PG,7.9,101K,93,Andrei Tarkovsky
Moonlight,2016,1h 51m,R,7.4,339K,99,Barry Jenkins
Zero for Conduct,1933,47m,Not Rated,7.2,9.6K,,Jean Vigo
Kes,1969,1h 51m,PG-13,7.9,24K,,Ken Loach
Breaking the Waves,1996,2h 33m,R,7.8,73K,82,Lars von Trier
Le Samouraï,1967,1h 41m,GP,8.0,61K,90,Jean-Pierre Melville
The Grapes of Wrath,1940,2h 9m,Approved,8.1,103K,96,John Ford
Umberto D.,1952,1h 29m,Not Rated,8.2,29K,92,Vittorio De Sica
Magnolia,1999,3h 8m,R,8.0,335K,78,Paul Thomas Anderson
The Life of Oharu,1952,2h 13m,Not Rated,8.1,7.9K,,Kenji Mizoguchi
Brazil,1985,2h 12m,R,7.8,215K,84,Terry Gilliam
Where Is the Friend's House?,1987,1h 23m,Not Rated,8.1,20K,,Abbas Kiarostami
The Quiet Man,1952,2h 9m,Approved,7.7,44K,85,John Ford
Sullivan's Travels,1941,1h 30m,Approved,7.9,29K,89,Preston Sturges
Love Streams,1984,2h 21m,PG-13,7.6,7K,,John Cassavetes
"Black God, White Devil",1964,2h,,7.2,5.7K,74,Glauber Rocha
The Travelling Players,1975,3h 50m,,7.8,4.5K,,Theodoros Angelopoulos
The House Is Black,1963,20m,,7.8,5.8K,,Forugh Farrokhzad
Germany Year Zero,1948,1h 18m,Not Rated,7.8,14K,,Roberto Rossellini
Red Desert,1964,1h 57m,Not Rated,7.4,18K,,Michelangelo Antonioni
McCabe & Mrs. Miller,1971,2h,,7.6,29K,93,Robert Altman
The Crowd,1928,1h 38m,Not Rated,8.1,9.5K,,King Vidor
The Matrix,1999,2h 16m,R,8.7,2.1M,73,Lana Wachowski
Ashes and Diamonds,1958,1h 43m,Not Rated,7.7,14K,,Andrzej Wajda
An Autumn Afternoon,1962,1h 53m,Not Rated,8.0,11K,91,Yasujirô Ozu
Memories of Underdevelopment,1968,1h 37m,Not Rated,7.6,4.9K,,Tomás Gutiérrez Alea
Performance,1970,1h 45m,R,6.7,12K,,Donald Cammell
Parasite,2019,2h 12m,R,8.5,1M,97,Bong Joon Ho
Eraserhead,1977,1h 29m,Not Rated,7.3,132K,87,David Lynch
"Ivan the Terrible, Part II: The Boyars' Plot",1946,1h 28m,Not Rated,7.8,8.3K,,Sergei Eisenstein
The Band Wagon,1953,1h 52m,Approved,7.4,13K,93,Vincente Minnelli
The Best Years of Our Lives,1946,2h 50m,Approved,8.1,73K,93,William Wyler
Caché,2005,1h 57m,R,7.3,87K,87,Michael Haneke
The Thin Red Line,1998,2h 50m,R,7.6,204K,78,Terrence Malick
Meet Me in St. Louis,1944,1h 53m,Approved,7.5,29K,94,Vincente Minnelli
In a Lonely Place,1950,1h 34m,Approved,7.9,37K,,Nicholas Ray
"Ivan the Terrible, Part I",1944,1h 35m,Not Rated,7.7,11K,,Sergei Eisenstein
Eternal Sunshine of the Spotless Mind,2004,1h 48m,R,8.3,1.1M,89,Michel Gondry
The Big Lebowski,1998,1h 57m,R,8.1,880K,71,Joel Coen
Daughters of the Dust,1991,1h 53m,TV-PG,6.6,3.5K,81,Julie Dash
The Green Ray,1986,1h 39m,R,7.6,11K,,Éric Rohmer
Belle de Jour,1967,1h 40m,Approved,7.6,51K,,Luis Buñuel
Diary of a Country Priest,1951,1h 35m,Not Rated,7.7,13K,,Robert Bresson
Red River,1948,2h 13m,Approved,7.7,35K,96,Howard Hawks
Tabu: A Story of the South Seas,1931,1h 26m,TV-PG,7.4,6.6K,,F.W. Murnau
The Graduate,1967,1h 46m,PG,8.0,294K,83,Mike Nichols
Cinema Paradiso,1988,2h 54m,PG,8.5,295K,80,Giuseppe Tornatore
Night and Fog,1956,32m,TV-14,8.6,22K,,Alain Resnais
Uncle Boonmee Who Can Recall His Past Lives,2010,1h 54m,Not Rated,6.7,18K,87,Apichatpong Weerasethakul
Heat,1995,2h 50m,R,8.3,742K,76,Michael Mann
The Cabinet of Dr. Caligari,1920,1h 7m,Not Rated,8.0,72K,,Robert Wiene
The Treasure of the Sierra Madre,1948,2h 6m,Approved,8.2,136K,98,John Huston
Kind Hearts and Coronets,1949,1h 46m,Approved,8.0,40K,,Robert Hamer
Schindler's List,1993,3h 15m,R,9.0,1.5M,95,Steven Spielberg
Fargo,1996,1h 38m,R,8.1,744K,88,Joel Coen
The Exorcist,1973,2h 2m,R,8.1,471K,83,William Friedkin
Eyes Wide Shut,1999,2h 39m,TV-MA,7.5,391K,69,Stanley Kubrick
Black Girl,1966,1h 5m,Not Rated,7.4,6.4K,75,Ousmane Sembene
Taste of Cherry,1997,1h 35m,Not Rated,7.7,39K,80,Abbas Kiarostami
F for Fake,1973,1h 29m,PG,7.7,19K,87,Orson Welles
The Swamp,2001,1h 43m,Not Rated,7.0,8.3K,78,Lucrecia Martel
Three Colors: Blue,1993,1h 38m,R,7.8,113K,87,Krzysztof Kieslowski
The Shop Around the Corner,1940,1h 39m,Approved,8.0,41K,96,Ernst Lubitsch
The Story of the Last Chrysanthemum,1939,2h 28m,Not Rated,7.8,4.6K,,Kenji Mizoguchi
Sweet Smell of Success,1957,1h 36m,Approved,8.0,37K,100,Alexander Mackendrick
My Night at Maud's,1969,1h 45m,GP,7.8,15K,,Éric Rohmer
Groundhog Day,1993,1h 41m,PG,8.0,705K,72,Harold Ramis
Day of Wrath,1943,1h 50m,Not Rated,8.1,11K,,Carl Theodor Dreyer
Pandora's Box,1929,1h 49m,Not Rated,7.7,12K,,Georg Wilhelm Pabst
"Goodbye, Dragon Inn",2003,1h 22m,,7.1,6.6K,83,Tsai Ming-liang
The Ascent,1977,1h 51m,,8.2,11K,,Larisa Shepitko
Throne of Blood,1957,1h 50m,Not Rated,8.0,57K,,Akira Kurosawa
All That Heaven Allows,1955,1h 29m,Approved,7.6,17K,78,Douglas Sirk
2 or 3 Things I Know About Her,1967,1h 27m,Not Rated,6.5,8.8K,,Jean-Luc Godard
Three Colors: Red,1994,1h 39m,R,8.1,113K,100,Krzysztof Kieslowski
India Song,1975,2h,,6.1,2.7K,,Marguerite Duras
Paths of Glory,1957,1h 28m,Approved,8.4,223K,90,Stanley Kubrick
Back to the Future,1985,1h 56m,PG,8.5,1.4M,87,Robert Zemeckis
All About My Mother,1999,1h 41m,R,7.8,105K,87,Pedro Almodóvar
The Big Sleep,1946,1h 54m,Approved,7.9,92K,86,Howard Hawks
Army of Shadows,1969,2h 25m,Not Rated,8.1,27K,99,Jean-Pierre Melville
Happy Together,1997,1h 36m,Not Rated,7.7,36K,70,Wong Kar-Wai
"Distant Voices, Still Lives",1988,1h 24m,PG-13,7.4,5.4K,86,Terence Davies
Mean Streets,1973,1h 52m,R,7.2,123K,96,Martin Scorsese
Floating Clouds,1955,2h 3m,,7.6,3.3K,,Mikio Naruse
The Sacrifice,1986,2h 29m,PG,7.9,32K,85,Andrei Tarkovsky
Monsieur Hulot's Holiday,1953,1h 23m,Not Rated,7.3,21K,90,Jacques Tati
Unforgiven,1992,2h 10m,R,8.2,447K,85,Clint Eastwood
The Music Room,1958,1h 35m,Not Rated,7.9,7K,,Satyajit Ray
Entranced Earth,1967,1h 48m,,7.3,3.7K,,Glauber Rocha
Nanook of the North,1922,1h 18m,Passed,7.6,14K,,Robert J. Flaherty
Charulata,1964,1h 57m,Not Rated,8.1,7.5K,,Satyajit Ray
The Maltese Falcon,1941,1h 40m,Approved,7.9,170K,97,John Huston
Faces,1968,2h 10m,R,7.4,12K,88,John Cassavetes
Monsieur Verdoux,1947,2h 4m,Approved,7.8,20K,,Charles Chaplin
Werckmeister Harmonies,2000,2h 25m,Not Rated,8.0,17K,93,Béla Tarr
A Separation,2011,1h 58m,PG-13,8.3,266K,95,Asghar Farhadi
Videodrome,1983,1h 27m,R,7.2,107K,58,David Cronenberg
The Executioner,1963,1h 30m,Not Rated,7.9,7.6K,,Luis García Berlanga
All That Jazz,1979,2h 3m,R,7.8,37K,72,Bob Fosse
City of God,2002,2h 10m,R,8.6,825K,79,Fernando Meirelles
Kings of the Road,1976,2h 55m,Not Rated,7.6,6.7K,,Wim Wenders
Lola Montès,1955,1h 56m,Not Rated,7.2,6.2K,,Max Ophüls
Freaks,1932,1h 4m,Not Rated,7.8,52K,80,Tod Browning
Cabaret,1972,2h 4m,PG,7.8,61K,80,Bob Fosse
The World of Apu,1959,1h 45m,Not Rated,8.4,17K,,Satyajit Ray
Melancholia,2011,2h 15m,R,7.1,200K,81,Lars von Trier
Beauty and the Beast,1946,1h 33m,Not Rated,7.9,29K,92,Jean Cocteau
I Am Cuba,1964,2h 21m,Not Rated,8.2,11K,91,Mikhail Kalatozov
Berlin Alexanderplatz,1980,,,8.4,5K,,Günter Lamprecht
A Canterbury Tale,1944,2h 4m,Not Rated,7.3,6.8K,85,Michael Powell
The Young Girls of Rochefort,1967,2h 5m,G,7.7,13K,,Jacques Demy
Husbands,1970,2h 34m,PG-13,7.1,7.6K,66,John Cassavetes
Thirst,1957,2h 26m,Not Rated,8.3,7.6K,,Guru Dutt
The Philadelphia Story,1940,1h 52m,Approved,7.8,75K,96,George Cukor
In the Realm of the Senses,1976,1h 49m,NC-17,6.6,24K,,Nagisa Ôshima
The Kid,1921,1h 8m,Passed,8.2,139K,,Charles Chaplin
Underground,1995,2h 47m,Not Rated,8.0,62K,79,Emir Kusturica
Star Wars: Episode V - The Empire Strikes Back,1980,2h 4m,PG,8.7,1.4M,82,Irvin Kershner
Broken Blossoms,1919,1h 30m,Not Rated,7.2,11K,,D.W. Griffith
Bonnie and Clyde,1967,1h 51m,R,7.7,123K,86,Arthur Penn
A Time to Live and a Time to Die,1985,2h 18m,Not Rated,7.5,3.7K,,Hsiao-Hsien Hou
Amadeus,1984,2h 40m,PG,8.4,442K,87,Milos Forman
The King of Comedy,1982,1h 49m,PG,7.8,124K,73,Martin Scorsese
Tie Xi Qu: West of the Tracks,2002,9h 11m,,8.2,1.4K,,Wang Bing
A Touch of Zen,1971,3h 20m,Not Rated,7.5,7.6K,,King Hu
The Wages of Fear,1953,2h 36m,Not Rated,8.1,69K,85,Henri-Georges Clouzot
Kiss Me Deadly,1955,1h 46m,Approved,7.5,23K,,Robert Aldrich
Midnight Cowboy,1969,1h 53m,R,7.8,124K,79,John Schlesinger
Weekend,1967,1h 45m,Not Rated,6.9,16K,,Jean-Luc Godard
The Double Life of Véronique,1991,1h 38m,R,7.7,54K,86,Krzysztof Kieslowski
El,1953,1h 22m,Approved,7.9,6.7K,,Luis Buñuel
The Puppetmaster,1993,2h 22m,,7.1,2.1K,,Hsiao-Hsien Hou
High and Low,1963,2h 23m,Not Rated,8.4,58K,90,Akira Kurosawa
The Cloud-Capped Star,1960,2h 6m,Not Rated,7.8,3.4K,,Ritwik Ghatak
Out 1,1971,2h 56m,Not Rated,7.5,1.6K,87,Jacques Rivette
The Last Picture Show,1971,1h 58m,R,8.0,54K,93,Peter Bogdanovich
West Side Story,1961,2h 33m,Approved,7.6,123K,86,Jerome Robbins
Dog Day Afternoon,1975,2h 5m,R,8.0,279K,86,Sidney Lumet
Get Out,2017,1h 44m,R,7.8,743K,85,Jordan Peele
The Tree of Wooden Clogs,1978,3h 6m,Not Rated,7.8,7.8K,,Ermanno Olmi
Night of the Living Dead,1968,1h 36m,R,7.8,144K,89,George A. Romero
Mad Max: Fury Road,2015,2h,,8.1,1.1M,90,George Miller
How Green Was My Valley,1941,1h 58m,Approved,7.7,27K,88,John Ford
Some Came Running,1958,2h 17m,Approved,7.2,7.7K,68,Vincente Minnelli
Last Tango in Paris,1972,2h 9m,NC-17,6.8,60K,77,Bernardo Bertolucci
Muriel,1963,1h 55m,Not Rated,7.0,3.9K,,Alain Resnais
Heaven's Gate,1980,3h 39m,R,6.7,18K,57,Michael Cimino
Make Way for Tomorrow,1937,1h 31m,Approved,8.2,9.9K,,Leo McCarey
The Cranes Are Flying,1957,1h 35m,Not Rated,8.3,21K,76,Mikhail Kalatozov
The Thin Blue Line,1988,1h 41m,Not Rated,7.9,27K,79,Errol Morris
Written on the Wind,1956,1h 39m,Approved,7.3,14K,86,Douglas Sirk
It Happened One Night,1934,1h 45m,Approved,8.1,115K,87,Frank Capra
"I Was Born, But...",1932,1h 30m,Not Rated,7.9,6.4K,91,Yasujirô Ozu
Fitzcarraldo,1982,2h 38m,PG,8.0,40K,,Werner Herzog
Marnie,1964,2h 10m,PG,7.1,56K,73,Alfred Hitchcock
Yojimbo,1961,1h 50m,Not Rated,8.2,136K,93,Akira Kurosawa
Harold and Maude,1971,1h 31m,PG,7.9,83K,62,Hal Ashby
Through the Olive Trees,1994,1h 43m,G,7.7,11K,,Abbas Kiarostami
Peeping Tom,1960,1h 41m,Not Rated,7.6,41K,,Michael Powell
The Silence of the Lambs,1991,1h 58m,R,8.6,1.6M,86,Jonathan Demme
Two-Lane Blacktop,1971,1h 42m,R,7.2,14K,89,Monte Hellman
Lost Highway,1997,2h 14m,R,7.6,157K,53,David Lynch
Stranger Than Paradise,1984,1h 29m,R,7.4,42K,86,Jim Jarmusch
An Affair to Remember,1957,1h 55m,Approved,7.4,34K,71,Leo McCarey
The Killing of a Chinese Bookie,1976,2h 15m,R,7.3,15K,65,John Cassavetes
Teorema,1968,1h 38m,Not Rated,7.0,16K,,Pier Paolo Pasolini
The White Ribbon,2009,2h 24m,R,7.8,79K,84,Michael Haneke
Aliens,1986,2h 17m,R,8.4,798K,84,James Cameron
Tristana,1970,1h 39m,PG,7.4,13K,93,Luis Buñuel
Stromboli,1950,1h 21m,Approved,7.2,8.3K,,Roberto Rossellini
Safe,1995,1h 59m,R,7.1,18K,76,Todd Haynes
The Hour of the Furnaces,1968,4h 20m,Unrated,7.6,1.2K,,Octavio Getino
The Elephant Man,1980,2h 4m,PG,8.2,267K,78,David Lynch
My Uncle,1958,1h 56m,Not Rated,7.7,25K,84,Jacques Tati
This Is Spinal Tap,1984,1h 22m,R,7.9,150K,92,Rob Reiner
The Turin Horse,2011,2h 35m,Not Rated,7.7,20K,80,Béla Tarr
Limit,1931,1h 54m,Not Rated,7.0,3K,,Mario Peixoto
Nostalghia,1983,2h 5m,Not Rated,7.9,31K,74,Andrei Tarkovsky
In a Year with 13 Moons,1978,2h 4m,Not Rated,7.4,4.9K,,Rainer Werner Fassbinder
Woman in the Dunes,1964,2h 27m,Not Rated,8.4,24K,,Hiroshi Teshigahara
I Know Where I'm Going!,1945,1h 32m,Approved,7.4,10K,86,Michael Powell
Orlando,1992,1h 34m,PG-13,7.1,19K,75,Sally Potter
Crimes and Misdemeanors,1989,1h 44m,PG-13,7.8,62K,77,Woody Allen
The Headless Woman,2008,1h 27m,Unrated,6.5,5.9K,81,Lucrecia Martel
Opening Night,1977,2h 24m,PG-13,7.9,13K,69,John Cassavetes
The Thin Blue Line,1988,1h 41m,Not Rated,7.9,27K,79,Errol Morris
Suspiria,1977,1h 32m,R,7.3,110K,79,Dario Argento
Dogville,2003,2h 51m,R,8.0,162K,61,Lars von Trier
The Flowers of St. Francis,1950,1h 25m,Not Rated,7.3,4.1K,,Roberto Rossellini
The Birth of a Nation,1915,3h 15m,TV-PG,6.1,27K,,D.W. Griffith
Splendor in the Grass,1961,2h 4m,Approved,7.7,23K,74,Elia Kazan
The Tenant,1976,2h 6m,R,7.5,49K,71,Roman Polanski
Dawn of the Dead,1978,2h 7m,Unrated,7.8,132K,71,George A. Romero
Eyes Without a Face,1960,1h 30m,Approved,7.6,37K,90,Georges Franju
Snow White and the Seven Dwarfs,1937,1h 23m,Approved,7.6,221K,96,William Cottrell
Orpheus,1950,1h 52m,Not Rated,7.8,14K,,Jean Cocteau
The Awful Truth,1937,1h 30m,Approved,7.7,22K,87,Leo McCarey
Day for Night,1973,1h 56m,PG,8.0,25K,,François Truffaut
Under the Skin,2013,1h 48m,R,6.3,163K,83,Jonathan Glazer
1900,1976,5h 17m,Unrated,7.6,28K,70,Bernardo Bertolucci
Miracle in Milan,1951,1h 37m,Not Rated,7.6,8.9K,78,Vittorio De Sica
Fantasia,1940,2h 4m,G,7.7,107K,96,James Algar
Lost in Translation,2003,1h 42m,R,7.7,505K,91,Sofia Coppola
Chelsea Girls,1966,3h 30m,Unrated,5.7,1.6K,,Paul Morrissey
Salvatore Giuliano,1962,2h 5m,Not Rated,7.3,4.5K,,Francesco Rosi
Le Plaisir,1952,1h 37m,Not Rated,7.5,5.5K,,Max Ophüls
Bride of Frankenstein,1935,1h 15m,Approved,7.8,55K,95,James Whale
Holy Motors,2012,1h 55m,Not Rated,7.0,50K,85,Leos Carax
Europe '51,1952,1h 58m,Not Rated,7.4,5K,,Roberto Rossellini
Happiness,1965,1h 20m,Not Rated,7.6,10K,,Agnès Varda
A Star Is Born,1954,2h 34m,PG,7.5,20K,89,George Cukor
Possession,1981,2h 4m,R,7.3,48K,75,Andrzej Zulawski
Days of Being Wild,1990,1h 34m,Not Rated,7.4,27K,93,Wong Kar-Wai
All the President's Men,1976,2h 18m,PG,7.9,130K,84,Alan J. Pakula
Shadows of Forgotten Ancestors,1965,1h 37m,,7.8,8.9K,,Sergei Parajanov
Scenes from a Marriage,1974,2h 49m,PG,8.3,9.2K,,Ingmar Bergman
The Scarlet Empress,1934,1h 44m,Approved,7.5,7.5K,,Josef von Sternberg
An Angel at My Table,1990,2h 38m,R,7.4,8.9K,79,Jane Campion
Flowers of Shanghai,1998,1h 53m,Unrated,7.3,4.3K,73,Hsiao-Hsien Hou
Winter Light,1963,1h 21m,Not Rated,8.0,28K,,Ingmar Bergman
The Crime of Monsieur Lange,1936,1h 17m,Not Rated,7.3,3.8K,,Jean Renoir
Ivan's Childhood,1962,1h 35m,Not Rated,8.0,41K,,Andrei Tarkovsky
The Wind,1928,1h 35m,Not Rated,8.0,7.4K,,Victor Sjöström
The Long Goodbye,1973,1h 52m,R,7.5,40K,87,Robert Altman
French Cancan,1955,1h 42m,Not Rated,7.3,4.6K,,Jean Renoir
Accattone,1961,1h 57m,Not Rated,7.6,10K,,Pier Paolo Pasolini
If....,1968,1h 51m,R,7.4,26K,,Lindsay Anderson
The Innocents,1961,1h 40m,Approved,7.7,34K,88,Jack Clayton
The Shawshank Redemption,1994,2h 22m,R,9.3,3M,82,Frank Darabont
The Central Region,1971,3h,,6.3,620,,Michael Snow
The Celebration,1998,1h 41m,R,8.0,96K,82,Thomas Vinterberg
Limelight,1952,2h 17m,G,8.0,23K,84,Charles Chaplin
Koyaanisqatsi,1982,1h 26m,Not Rated,8.2,43K,72,Godfrey Reggio
A Trip to the Moon,1902,13m,TV-G,8.1,58K,,Georges Méliès
Shoot the Piano Player,1960,1h 32m,Not Rated,7.4,21K,,François Truffaut
Twenty Years Later,1984,1h 59m,,8.3,1.8K,,Eduardo Coutinho
October (Ten Days that Shook the World),1928,1h 35m,,7.4,8.7K,,Grigoriy Aleksandrov
Listen to Britain,1942,20m,Not Rated,6.5,1.9K,,Humphrey Jennings
In Vanda's Room,2000,2h 51m,Not Rated,7.0,1.8K,,Pedro Costa
Phantom Thread,2017,2h 10m,R,7.4,150K,90,Paul Thomas Anderson
Casino,1995,2h 58m,R,8.2,582K,73,Martin Scorsese
Pinocchio,1940,1h 28m,Approved,7.5,164K,99,Norman Ferguson
Naked,1993,2h 11m,Not Rated,7.7,46K,85,Mike Leigh
Paris Is Burning,1990,1h 18m,R,8.2,19K,82,Jennie Livingston
Songs from the Second Floor,2000,1h 38m,Not Rated,7.5,21K,77,Roy Andersson
To Our Loves,1983,1h 39m,R,7.1,7.4K,,Maurice Pialat
La Terra Trema,1948,2h 40m,Not Rated,7.8,5.8K,,Luchino Visconti
The Cameraman,1928,1h 16m,Passed,8.0,14K,,Edward Sedgwick
The Palm Beach Story,1942,1h 28m,Approved,7.5,13K,,Preston Sturges
A.I. Artificial Intelligence,2001,2h 26m,PG-13,7.2,329K,65,Steven Spielberg
The Act of Killing,2012,1h 57m,Not Rated,8.2,42K,92,Joshua Oppenheimer
Grave of the Fireflies,1988,1h 28m,Not Rated,8.5,335K,94,Isao Takahata
Harlan County U.S.A.,1976,1h 43m,PG,8.2,6.9K,80,Barbara Kopple
Network,1976,2h 1m,R,8.1,176K,83,Sidney Lumet
Syndromes and a Century,2006,1h 45m,,7.3,4.7K,71,Apichatpong Weerasethakul
Talk to Her,2002,1h 52m,R,7.9,119K,86,Pedro Almodóvar
Platform,2000,2h 34m,,7.4,3.2K,76,Jia Zhang-ke
Barren Lives,1963,1h 43m,Not Rated,7.5,3.1K,,Nelson Pereira dos Santos
Wagon Master,1950,1h 26m,Approved,7.1,5.7K,,John Ford
Carrie,1976,1h 38m,R,7.4,215K,86,Brian De Palma
Senso,1954,2h 3m,Not Rated,7.4,8.4K,,Luchino Visconti
Lola,1961,1h 30m,Not Rated,7.4,8K,73,Jacques Demy
High Noon,1952,1h 25m,PG,7.9,113K,89,Fred Zinnemann
Landscape in the Mist,1988,2h 7m,TV-MA,7.9,10K,,Theodoros Angelopoulos
The Dead,1987,1h 23m,PG,7.2,9.2K,,John Huston
Once Upon a Time in Anatolia,2011,2h 37m,Not Rated,7.8,52K,82,Nuri Bilge Ceylan
Dersu Uzala,1975,2h 22m,G,8.2,34K,,Akira Kurosawa
Elephant,2003,1h 21m,R,7.1,99K,70,Gus Van Sant
By the Bluest of Seas,1936,1h 11m,,6.9,1.2K,,Boris Barnet
Zama,2017,1h 55m,Unrated,6.7,7.3K,89,Lucrecia Martel
Raise the Red Lantern,1991,2h 5m,PG,8.1,36K,,Yimou Zhang
Toni Erdmann,2016,2h 42m,R,7.3,53K,93,Maren Ade
Reservoir Dogs,1992,1h 39m,R,8.3,1.1M,81,Quentin Tarantino
Withnail and I,1987,1h 47m,R,7.5,49K,84,Bruce Robinson
"Steamboat Bill, Jr.",1928,1h 10m,Not Rated,7.8,17K,,Charles Reisner
The Bitter Tears of Petra von Kant,1972,2h 4m,Not Rated,7.5,12K,73,Rainer Werner Fassbinder
Blow Out,1981,1h 48m,R,7.4,68K,86,Brian De Palma
Masculine Feminine,1966,1h 43m,Not Rated,7.4,18K,93,Jean-Luc Godard
After Life,1998,1h 59m,Not Rated,7.6,14K,91,Hirokazu Koreeda
Shane,1953,1h 58m,Approved,7.6,45K,85,George Stevens
The Death of Mr. Lazarescu,2005,2h 33m,R,7.8,16K,87,Cristi Puiu
Our Hospitality,1923,1h 5m,Passed,7.7,13K,,John G. Blystone
The Bridge on the River Kwai,1957,2h 41m,PG,8.1,239K,88,David Lean
Secrets & Lies,1996,2h 16m,R,8.0,49K,92,Mike Leigh
A Moment of Innocence,1996,1h 18m,Not Rated,7.7,4.6K,70,Mohsen Makhmalbaf
Five Easy Pieces,1970,1h 38m,R,7.4,42K,85,Bob Rafelson
Marketa Lazarová,1967,2h 42m,Not Rated,7.9,6.3K,,Frantisek Vlácil
Early Summer,1951,2h 5m,Not Rated,8.1,10K,94,Yasujirô Ozu
Twin Peaks,2017,,,8.5,80K,,Mark Frost
Monty Python's Life of Brian,1979,1h 34m,R,8.0,427K,77,Terry Jones
Les Vampires,1915,7h 1m,Not Rated,7.3,5.6K,,Louis Feuillade
To Kill a Mockingbird,1962,2h 9m,Approved,8.3,340K,88,Robert Mulligan
Oldboy,2003,2h,,8.3,664K,78,Park Chan-wook
Twin Peaks: Fire Walk with Me,1992,2h 14m,R,7.3,109K,45,David Lynch
Inland Empire,2006,3h,,6.8,64K,73,David Lynch
Boogie Nights,1997,2h 35m,R,7.9,288K,86,Paul Thomas Anderson
Crash,1996,1h 40m,NC-17,6.4,68K,53,David Cronenberg
Dead Ringers,1988,1h 56m,R,7.2,56K,86,David Cronenberg
The Enigma of Kaspar Hauser,1974,1h 50m,Not Rated,7.7,19K,,Werner Herzog
The Damned,1969,2h 37m,R,7.4,10K,,Luchino Visconti
Pan's Labyrinth,2006,1h 58m,R,8.2,717K,98,Guillermo del Toro
And Life Goes On,1992,1h 35m,Not Rated,7.9,8K,,Abbas Kiarostami
Closely Watched Trains,1966,1h 32m,Not Rated,7.6,14K,,Jirí Menzel
Alice in the Cities,1974,1h 53m,Not Rated,7.8,14K,78,Wim Wenders
Short Cuts,1993,3h 8m,R,7.6,48K,81,Robert Altman
The Hustler,1961,2h 14m,Approved,7.9,88K,90,Robert Rossen
Princess Mononoke,1997,2h 13m,PG-13,8.3,451K,76,Hayao Miyazaki
No Country for Old Men,2007,2h 2m,R,8.2,1.1M,92,Ethan Coen
Die Hard,1988,2h 12m,R,8.2,979K,72,John McTiernan
To Have and Have Not,1944,1h 40m,Approved,7.8,39K,90,Howard Hawks
Yeelen,1987,1h 45m,Not Rated,6.9,2.8K,,Souleymane Cissé
Blue,1993,1h 19m,Not Rated,7.3,2.9K,,Derek Jarman
The Lives of Others,2006,2h 17m,R,8.4,422K,89,Florian Henckel von Donnersmarck
Faust,1926,1h 47m,Not Rated,8.1,17K,,F.W. Murnau
The Age of Innocence,1993,2h 19m,PG,7.2,70K,90,Martin Scorsese
Aparajito,1956,1h 50m,Not Rated,8.2,17K,,Satyajit Ray
Rosetta,1999,1h 35m,R,7.4,16K,76,Jean-Pierre Dardenne
12 Angry Men,1957,1h 36m,Approved,9.0,904K,97,Sidney Lumet
East of Eden,1955,1h 58m,PG,7.8,50K,72,Elia Kazan
Alexander Nevsky,1938,1h 52m,Not Rated,7.5,13K,,Sergei Eisenstein
Point Blank,1967,1h 32m,Approved,7.3,24K,86,John Boorman
Fight Club,1999,2h 19m,R,8.8,2.4M,67,David Fincher
Man of Aran,1934,1h 16m,Not Rated,7.1,2.4K,,Robert J. Flaherty
Memories of Murder,2003,2h 12m,Not Rated,8.1,231K,82,Bong Joon Ho
"I, You, He, She",1974,1h 26m,,6.7,3.3K,,Chantal Akerman
Nostalgia for the Light,2010,1h 30m,Not Rated,7.6,6.3K,91,Patricio Guzmán
The Lady from Shanghai,1947,1h 27m,Approved,7.5,35K,,Orson Welles
Hannah and Her Sisters,1986,1h 47m,PG-13,7.8,78K,90,Woody Allen
Boyhood,2014,2h 45m,R,7.9,373K,100,Richard Linklater
Strangers on a Train,1951,1h 41m,PG,7.9,144K,88,Alfred Hitchcock
Picnic at Hanging Rock,1975,1h 55m,PG,7.4,43K,81,Peter Weir
The Terminator,1984,1h 47m,R,8.1,951K,84,James Cameron
Russian Ark,2002,1h 39m,Not Rated,7.2,22K,87,Aleksandr Sokurov
"The Devil, Probably",1977,1h 35m,Not Rated,7.1,5K,,Robert Bresson
The Wind Will Carry Us,1999,1h 58m,Not Rated,7.4,13K,87,Abbas Kiarostami
The Sound of Music,1965,2h 52m,G,8.1,271K,63,Robert Wise
La haine,1995,1h 38m,Not Rated,8.1,206K,,Mathieu Kassovitz
WALL·E,2008,1h 38m,G,8.4,1.2M,95,Andrew Stanton
Dead Man,1995,2h 1m,R,7.5,105K,62,Jim Jarmusch
I Walked with a Zombie,1943,1h 9m,Approved,7.0,14K,,Jacques Tourneur
Punch-Drunk Love,2002,1h 35m,R,7.3,183K,78,Paul Thomas Anderson
Satyricon,1969,2h 9m,R,6.8,18K,,Federico Fellini
Se7en,1995,2h 7m,R,8.6,1.9M,65,David Fincher
Young Mr. Lincoln,1939,1h 40m,Approved,7.5,9.4K,91,John Ford
Yellow Earth,1984,1h 29m,TV-PG,7.1,2.6K,,Kaige Chen
Doctor Zhivago,1965,3h 17m,Approved,7.9,84K,69,David Lean
The Blue Angel,1930,1h 44m,Passed,7.6,17K,90,Josef von Sternberg
Morvern Callar,2002,1h 37m,R,6.8,11K,78,Lynne Ramsay
Sambizanga,1972,1h 37m,Not Rated,7.0,866,,Sarah Maldoror
The Wedding March,1928,1h 53m,Passed,7.3,2K,,Erich von Stroheim
Brokeback Mountain,2005,2h 14m,R,7.7,396K,87,Ang Lee
Ninotchka,1939,1h 50m,Approved,7.8,24K,,Ernst Lubitsch
The French Connection,1971,1h 44m,R,7.7,140K,94,William Friedkin
Children of Men,2006,1h 49m,R,7.9,542K,84,Alfonso Cuarón
Kagemusha: The Shadow Warrior,1980,2h 42m,PG,7.9,39K,84,Akira Kurosawa
Butch Cassidy and the Sundance Kid,1969,1h 50m,PG,8.0,230K,66,George Roy Hill
The Testament of Dr. Mabuse,1933,2h 2m,Not Rated,7.9,14K,,Fritz Lang
Shadow of a Doubt,1943,1h 48m,PG,7.8,72K,94,Alfred Hitchcock
Cat People,1942,1h 13m,Approved,7.2,27K,85,Jacques Tourneur
The Master,2012,2h 18m,R,7.1,190K,86,Paul Thomas Anderson
That Obscure Object of Desire,1977,1h 43m,R,7.8,26K,84,Luis Buñuel
Laura,1944,1h 28m,Approved,7.9,53K,,Otto Preminger
The Road Warrior,1981,1h 36m,R,7.6,205K,77,George Miller
A Night at the Opera,1935,1h 36m,Approved,7.8,35K,,Sam Wood
Barton Fink,1991,1h 56m,R,7.6,131K,69,Joel Coen
Easy Rider,1969,1h 35m,R,7.2,120K,85,Dennis Hopper
Being There,1979,2h 10m,PG,7.9,80K,83,Hal Ashby
The Silence,1963,1h 36m,R,7.7,22K,,Ingmar Bergman
Land Without Bread,1933,30m,,7.3,6.4K,,Luis Buñuel
The Tale of Tales,1979,29m,,7.8,4.3K,,Yuri Norstein
Halloween,1978,1h 31m,R,7.7,320K,90,John Carpenter
The Taking of Power by Louis XIV,1966,1h 30m,G,7.1,1.7K,,Roberto Rossellini
Bigger Than Life,1956,1h 35m,Approved,7.4,8.4K,,Nicholas Ray
Gentlemen Prefer Blondes,1953,1h 31m,Approved,7.1,45K,,Howard Hawks
Grey Gardens,1975,1h 35m,PG,7.5,16K,83,Ellen Hovde
Band of Outsiders,1964,1h 35m,Not Rated,7.6,28K,93,Jean-Luc Godard
Tootsie,1982,1h 56m,PG,7.4,117K,88,Sydney Pollack
Colossal Youth,2006,2h 36m,Not Rated,6.9,1.8K,,Pedro Costa
The Lord of the Rings: The Fellowship of the Ring,2001,2h 58m,PG-13,8.9,2.1M,92,Peter Jackson
Jurassic Park,1993,2h 7m,PG-13,8.2,1.1M,68,Steven Spielberg
From the East,1993,1h 47m,,7.2,1K,,Chantal Akerman
Seven Chances,1925,56m,Passed,7.8,12K,,Buster Keaton
The Servant,1963,1h 56m,Unrated,7.8,15K,94,Joseph Losey
Repulsion,1965,1h 45m,Not Rated,7.6,59K,91,Roman Polanski
Roma,1972,2h,,7.3,14K,,Federico Fellini
"Crouching Tiger, Hidden Dragon",2000,2h,,7.9,286K,94,Ang Lee
Hatari!,1962,2h 37m,Approved,7.1,15K,,Howard Hawks
The Long Day Closes,1992,1h 25m,PG,7.3,4.2K,85,Terence Davies
Providence,1977,1h 44m,R,7.5,3.6K,,Alain Resnais
West Indies,1979,1h 50m,,7.1,271,,Med Hondo
Terminator 2: Judgment Day,1991,2h 17m,R,8.6,1.2M,75,James Cameron
The Round-Up,1966,1h 30m,,7.5,3.5K,,Miklós Jancsó
As I Was Moving Ahead Occasionally I Saw Brief Glimpses of Beauty,2000,4h 48m,,8.2,1.6K,,Jonas Mekas
Full Metal Jacket,1987,1h 56m,R,8.2,811K,78,Stanley Kubrick
Amélie,2001,2h 2m,R,8.3,810K,70,Jean-Pierre Jeunet
The Devils,1971,1h 51m,R,7.7,19K,49,Ken Russell
The Lovers on the Bridge,1991,2h 5m,R,7.6,16K,,Leos Carax
Forrest Gump,1994,2h 22m,PG-13,8.8,2.3M,82,Robert Zemeckis
Edvard Munch,1974,3h 30m,Not Rated,8.1,3.5K,,Peter Watkins
Boudu Saved from Drowning,1932,1h 25m,Not Rated,7.2,6.4K,,Jean Renoir
The Ladies Man,1961,1h 35m,Approved,6.3,4.8K,,Jerry Lewis
Scorpio Rising,1963,28m,,6.8,5.9K,,Kenneth Anger
Le cercle rouge,1970,2h 20m,Not Rated,7.9,30K,92,Jean-Pierre Melville
Shadows,1958,1h 27m,PG,7.2,13K,86,John Cassavetes
Deliverance,1972,1h 49m,R,7.6,123K,80,John Boorman
My Friend Ivan Lapshin,1985,1h 40m,,7.5,2.8K,,Aleksei German
Pink Flamingos,1972,1h 33m,NC-17,6.0,29K,47,John Waters
"Synecdoche, New York",2008,2h 4m,R,7.5,100K,67,Charlie Kaufman
Loves of a Blonde,1965,1h 28m,Not Rated,7.5,9.7K,,Milos Forman
Zodiac,2007,2h 37m,R,7.7,623K,79,David Fincher
Portrait of Jason,1967,1h 45m,Not Rated,7.0,1.5K,87,Shirley Clarke
Symbiopsychotaxiplasm: Take One,1968,1h 15m,Not Rated,7.2,2.6K,71,William Greaves
The Wicker Man,1973,1h 28m,R,7.5,98K,87,Robin Hardy
Harakiri,1962,2h 13m,Not Rated,8.6,76K,85,Masaki Kobayashi
3 Women,1977,2h 4m,PG,7.7,18K,82,Robert Altman
Alphaville,1965,1h 39m,Not Rated,7.0,29K,92,Jean-Luc Godard
The Golden Coach,1952,1h 43m,Not Rated,7.0,3.6K,,Jean Renoir
The Asphalt Jungle,1950,1h 52m,Approved,7.8,31K,85,John Huston
Bob Dylan: Dont Look Back,1967,1h 36m,Not Rated,7.9,10K,84,D.A. Pennebaker
Hour of the Wolf,1968,1h 28m,Not Rated,7.5,23K,,Ingmar Bergman
Pat Garrett & Billy the Kid,1973,2h 2m,R,7.2,22K,53,Sam Peckinpah
Fireworks,1997,1h 43m,,7.7,34K,83,Takeshi Kitano
"Dr. Mabuse, the Gambler",1922,4h 2m,Not Rated,7.8,9.4K,,Fritz Lang
Hoop Dreams,1994,2h 50m,PG-13,8.3,29K,98,Steve James
My Own Private Idaho,1991,1h 44m,R,7.0,64K,77,Gus Van Sant
Rocky,1976,2h,,8.1,650K,70,John G. Avildsen
They Live by Night,1948,1h 35m,Passed,7.4,9.7K,82,Nicholas Ray
Walkabout,1971,1h 40m,GP,7.6,28K,85,Nicolas Roeg
Rebecca,1940,2h 10m,Approved,8.1,151K,86,Alfred Hitchcock
Bring Me the Head of Alfredo Garcia,1974,1h 52m,R,7.4,22K,80,Sam Peckinpah
Frankenstein,1931,1h 10m,Approved,7.8,83K,91,James Whale
Casque d'Or,1952,1h 34m,Not Rated,7.6,6.4K,,Jacques Becker
Titanic,1997,3h 14m,PG-13,7.9,1.3M,75,James Cameron
Top Hat,1935,1h 41m,Approved,7.7,21K,93,Mark Sandrich
Xala,1975,2h 3m,Not Rated,6.7,2K,80,Ousmane Sembene
I Vitelloni,1953,1h 44m,Not Rated,7.8,21K,87,Federico Fellini
The Dark Knight,2008,2h 32m,PG-13,9.0,3M,84,Christopher Nolan
Down by Law,1986,1h 47m,R,7.6,57K,75,Jim Jarmusch
Strike,1925,1h 22m,Not Rated,7.6,8.9K,,Sergei Eisenstein
The Watermelon Woman,1996,1h 25m,Unrated,7.1,4K,74,Cheryl Dunye
The Royal Tenenbaums,2001,1h 50m,R,7.6,319K,76,Wes Anderson
The Virgin Spring,1960,1h 29m,Not Rated,8.0,32K,,Ingmar Bergman
Millennium Mambo,2001,1h 59m,R,7.0,7.3K,72,Hsiao-Hsien Hou
Scarface,1932,1h 33m,PG,7.7,31K,90,Howard Hawks
Amour,2012,2h 7m,PG-13,7.9,107K,95,Michael Haneke
Bambi,1942,1h 9m,Approved,7.3,158K,91,James Algar
Akira,1988,2h 4m,R,8.0,212K,68,Katsuhiro Ôtomo
Fat City,1972,1h 36m,PG,7.2,11K,89,John Huston
The Lady Vanishes,1938,1h 36m,Approved,7.7,59K,98,Alfred Hitchcock
The Marriage of Maria Braun,1979,2h,,7.7,15K,,Rainer Werner Fassbinder
Il posto,1961,1h 33m,Not Rated,7.9,7K,,Ermanno Olmi
The Ghost and Mrs. Muir,1947,1h 44m,Approved,7.8,21K,,Joseph L. Mankiewicz
Silent Light,2007,2h 16m,Not Rated,7.2,6.9K,79,Carlos Reygadas
Placido,1961,1h 25m,,7.8,3.9K,,Luis García Berlanga
The Manchurian Candidate,1962,2h 6m,PG-13,7.9,82K,94,John Frankenheimer
Nazarin,1959,1h 34m,Not Rated,7.7,6.6K,,Luis Buñuel
Arrebato,1979,1h 55m,Unrated,6.8,3.6K,80,Iván Zulueta
The Intruder,2004,2h 10m,Unrated,6.7,2.2K,85,Claire Denis
The Sorrow and the Pity,1969,4h 11m,PG,8.1,4.2K,,Marcel Ophüls
The Navigator,1924,59m,Unrated,7.5,11K,,Donald Crisp
Farewell My Concubine,1993,2h 51m,R,8.1,34K,84,Kaige Chen
Hyenas,1992,1h 50m,Not Rated,7.4,1.4K,,Djibril Diop Mambéty
Ratcatcher,1999,1h 34m,Not Rated,7.5,12K,78,Lynne Ramsay
Mr. Smith Goes to Washington,1939,2h 9m,Approved,8.1,125K,73,Frank Capra
WR: Mysteries of the Organism,1971,1h 24m,Not Rated,6.7,5.6K,,Dusan Makavejev
Trainspotting,1996,1h 33m,R,8.1,742K,83,Danny Boyle
Chronicle of a Summer,1961,1h 25m,Not Rated,7.5,3.7K,,Edgar Morin
7 Women,1965,1h 27m,Approved,6.7,2.8K,,John Ford
Local Hero,1983,1h 51m,PG,7.3,28K,84,Bill Forsyth
Wild at Heart,1990,2h 5m,R,7.2,104K,52,David Lynch
Gimme Shelter,1970,1h 31m,GP,7.8,13K,85,Albert Maysles
Rushmore,1998,1h 33m,R,7.6,201K,87,Wes Anderson
The Party,1968,1h 39m,Approved,7.4,45K,64,Blake Edwards
Cure,1997,1h 51m,Not Rated,7.5,28K,70,Kiyoshi Kurosawa
New Wave,1990,1h 29m,,6.5,1.6K,,Jean-Luc Godard
RoboCop,1987,1h 42m,R,7.6,292K,70,Paul Verhoeven
A Prophet,2009,2h 35m,R,7.8,104K,90,Jacques Audiard
The Chronicle of Anna Magdalena Bach,1968,1h 34m,,6.8,1.6K,,Danièle Huillet
Toy Story,1995,1h 21m,G,8.3,1.1M,96,John Lasseter
Young Frankenstein,1974,1h 46m,PG,8.0,174K,83,Mel Brooks
The Purple Rose of Cairo,1985,1h 22m,PG,7.7,56K,75,Woody Allen
Salesman,1969,1h 31m,G,7.6,5.9K,80,Albert Maysles
The Holy Mountain,1973,1h 54m,R,7.7,50K,76,Alejandro Jodorowsky
Every Man for Himself,1980,1h 27m,Not Rated,6.5,4.1K,,Jean-Luc Godard
Wake in Fright,1971,1h 49m,R,7.6,15K,85,Ted Kotcheff
Lancelot of the Lake,1974,1h 25m,,6.9,4.4K,74,Robert Bresson
Before Sunset,2004,1h 20m,R,8.1,297K,91,Richard Linklater
The Piano Teacher,2001,2h 11m,R,7.5,75K,79,Michael Haneke
Roma,2018,2h 15m,R,7.7,173K,96,Alfonso Cuarón
The Phantom of Liberty,1974,1h 44m,R,7.8,18K,,Luis Buñuel
When Harry Met Sally...,1989,1h 35m,R,7.7,251K,76,Rob Reiner
A Place in the Sun,1951,2h 2m,Approved,7.7,26K,76,George Stevens
The Sun Shines Bright,1953,1h 30m,Approved,6.9,1.9K,,John Ford
Hunger,2008,1h 36m,Not Rated,7.5,75K,82,Steve McQueen
"4 Months, 3 Weeks and 2 Days",2007,1h 53m,Not Rated,7.9,64K,97,Cristian Mungiu
Paper Flowers,1959,2h 28m,Unrated,7.8,2.9K,,Guru Dutt
The Hawks and the Sparrows,1966,1h 31m,Not Rated,7.2,5.8K,,Pier Paolo Pasolini
Dancer in the Dark,2000,2h 15m,R,7.9,119K,63,Lars von Trier
Carol,2015,1h 58m,R,7.3,147K,94,Todd Haynes
The Great Beauty,2013,2h 21m,Not Rated,7.7,100K,86,Paolo Sorrentino
Thelma & Louise,1991,2h 10m,R,7.6,180K,89,Ridley Scott
Moulin Rouge!,2001,2h 7m,PG-13,7.6,305K,66,Baz Luhrmann
Ace in the Hole,1951,1h 51m,Approved,8.1,40K,72,Billy Wilder
The Adventures of Prince Achmed,1926,1h 20m,Not Rated,7.8,7.1K,,Lotte Reiniger
The Killing,1956,1h 24m,Approved,7.9,101K,91,Stanley Kubrick
The Circus,1928,1h 12m,G,8.1,37K,90,Charles Chaplin
One Way or Another,1975,1h 18m,,7.0,694,,Sara Gómez
Moonfleet,1955,1h 27m,Approved,6.6,4.1K,,Fritz Lang
Antonio das Mortes,1969,1h 39m,,7.0,2.4K,,Glauber Rocha
Il Grido,1957,1h 56m,Not Rated,7.6,5.6K,,Michelangelo Antonioni
Stand by Me,1986,1h 29m,R,8.1,456K,75,Rob Reiner
The Tiger of Eschnapur,1959,1h 41m,,6.6,3.3K,,Fritz Lang
Ben-Hur,1959,3h 32m,G,8.1,260K,90,William Wyler
A Short Film About Killing,1988,1h 24m,Not Rated,8.0,23K,,Krzysztof Kieslowski
A Hard Day's Night,1964,1h 27m,G,7.5,49K,96,Richard Lester
"New York, New York",1977,2h 35m,PG,6.6,22K,64,Martin Scorsese
Fish Tank,2009,2h 3m,Not Rated,7.3,66K,81,Andrea Arnold
The Big Heat,1953,1h 29m,Approved,7.9,31K,,Fritz Lang
"Oh, Sun",1970,1h 38m,,7.3,903,,Med Hondo
Design for Living,1933,1h 31m,Passed,7.4,8K,,Ernst Lubitsch
Love Me Tonight,1932,1h 44m,Passed,7.5,4.8K,,Rouben Mamoulian
The Emperor's Naked Army Marches On,1987,2h 2m,Not Rated,8.1,2.2K,,Kazuo Hara
Paper Moon,1973,1h 42m,PG,8.1,54K,77,Peter Bogdanovich
The Bad and the Beautiful,1952,1h 58m,Approved,7.8,17K,86,Vincente Minnelli
Triumph of the Will,1935,1h 50m,Approved,7.1,19K,,Leni Riefenstahl
A New Leaf,1971,1h 42m,G,7.3,8K,,Elaine May
Titicut Follies,1967,1h 24m,Unrated,7.7,5.3K,,Frederick Wiseman
Phantom of the Paradise,1974,1h 31m,PG,7.3,24K,67,Brian De Palma
The Fly,1986,1h 36m,R,7.6,211K,81,David Cronenberg
The Social Network,2010,2h,,7.8,779K,95,David Fincher
Subarnarekha,1965,2h 23m,Not Rated,7.3,1.4K,,Ritwik Ghatak
Y tu mamá también,2001,1h 46m,,7.7,132K,89,Alfonso Cuarón
Raising Arizona,1987,1h 34m,PG-13,7.3,154K,69,Joel Coen
Distant,2002,1h 50m,Not Rated,7.5,24K,84,Nuri Bilge Ceylan
Detour,1945,1h 6m,Approved,7.3,21K,,Edgar G. Ulmer
The Ladies of the Bois de Boulogne,1945,1h 26m,Not Rated,7.1,4.9K,,Robert Bresson
La Belle Noiseuse,1991,3h 58m,Unrated,7.5,9.8K,,Jacques Rivette
Flaming Creatures,1963,45m,,4.6,1.7K,,Jack Smith
Dazed and Confused,1993,1h 43m,R,7.6,205K,82,Richard Linklater
A Streetcar Named Desire,1951,2h 2m,Approved,7.9,116K,97,Elia Kazan
The Wild Child,1970,1h 23m,G,7.5,9.1K,94,François Truffaut
The New World,2005,2h 15m,PG-13,6.7,91K,73,Terrence Malick
Veronika Voss,1982,1h 44m,R,7.6,8K,,Rainer Werner Fassbinder
Vive L'Amour,1994,1h 58m,,7.3,5.1K,,Tsai Ming-liang
The Age of the Earth,1980,2h 32m,,6.5,716,,Glauber Rocha
Born in Flames,1983,1h 19m,Not Rated,6.5,2.2K,,Lizzie Borden
Good Morning,1959,1h 34m,Not Rated,7.8,12K,87,Yasujirô Ozu
Great Expectations,1946,1h 58m,Approved,7.8,27K,90,David Lean
Hellzapoppin',1941,1h 24m,Approved,7.4,3.6K,,H.C. Potter
Obsession,1943,2h 20m,TV-14,7.6,8.6K,,Luchino Visconti
The Trial,1962,1h 59m,Not Rated,7.6,25K,,Orson Welles
Wings,1966,1h 25m,,7.6,2.3K,,Larisa Shepitko
Foolish Wives,1922,1h 57m,Not Rated,7.0,4.1K,,Erich von Stroheim
Mother and Son,1997,1h 13m,,7.3,4.3K,,Aleksandr Sokurov
Lolita,1962,2h 33m,Approved,7.5,111K,79,Stanley Kubrick
Diaries Notes and Sketches,1968,2h 57m,Not Rated,7.4,815,,Jonas Mekas
Malcolm X,1992,3h 22m,PG-13,7.7,105K,73,Spike Lee
The 39 Steps,1935,1h 26m,Approved,7.6,63K,93,Alfred Hitchcock
Zelig,1983,1h 19m,PG,7.6,45K,,Woody Allen
Cairo Station,1958,1h 17m,Not Rated,7.5,5.6K,,Youssef Chahine
An American Werewolf in London,1981,1h 37m,R,7.5,127K,55,John Landis
The Man Who Would Be King,1975,2h 9m,PG,7.7,53K,91,John Huston
Song of Love,1950,26m,Not Rated,7.5,3.8K,,Jean Genet
"Faster, Pussycat! Kill! Kill!",1965,1h 23m,Not Rated,6.6,17K,65,Russ Meyer
Big Deal on Madonna Street,1958,1h 46m,Not Rated,7.9,12K,,Mario Monicelli
"The Cook, the Thief, His Wife & Her Lover",1989,2h 4m,NC-17,7.5,43K,62,Peter Greenaway
Taipei Story,1985,1h 59m,Not Rated,7.6,4.2K,,Edward Yang
Code Unknown,2000,1h 58m,Not Rated,7.1,16K,74,Michael Haneke
Blissfully Yours,2002,2h 5m,,6.9,2.8K,82,Apichatpong Weerasethakul
Diabolique,1955,1h 57m,Not Rated,8.1,71K,,Henri-Georges Clouzot
Morocco,1930,1h 32m,Approved,7.0,7.8K,,Josef von Sternberg
Mamma Roma,1962,1h 50m,Not Rated,7.8,11K,,Pier Paolo Pasolini
The Ballad of Narayama,1983,2h 10m,Not Rated,7.8,9.4K,,Shôhei Imamura
Two English Girls,1971,2h 10m,,7.2,6.1K,,François Truffaut
Fort Apache,1948,2h 8m,Approved,7.4,20K,,John Ford
Rebel Without a Cause,1955,1h 51m,PG-13,7.6,100K,89,Nicholas Ray
Ferris Bueller's Day Off,1986,1h 43m,PG-13,7.8,398K,61,John Hughes
Trouble Every Day,2001,1h 41m,Not Rated,5.9,9.9K,40,Claire Denis
Miller's Crossing,1990,1h 55m,R,7.7,145K,66,Joel Coen
The Producers,1967,1h 28m,PG,7.5,62K,96,Mel Brooks
35 Shots of Rum,2008,1h 40m,Unrated,7.1,5.4K,92,Claire Denis
Memento,2000,1h 53m,R,8.4,1.4M,83,Christopher Nolan
Duck Amuck,1953,37m,Approved,8.6,9.7K,,Chuck Jones
Forbidden Games,1952,1h 26m,Not Rated,8.0,14K,,René Clément
Dog Star Man,1964,1h 18m,,6.3,1.4K,,Stan Brakhage
Requiem for a Dream,2000,1h 42m,NC-17,8.3,925K,71,Darren Aronofsky
The Idiots,1998,1h 57m,,6.7,35K,48,Lars von Trier
Mädchen in Uniform,1931,1h 27m,Passed,7.5,4K,,Leontine Sagan
All Quiet on the Western Front,1930,2h 32m,Approved,8.1,69K,91,Lewis Milestone
Rose Hobart,1936,19m,Unrated,5.6,1K,,Joseph Cornell
Funny Games,1997,1h 48m,Not Rated,7.5,88K,69,Michael Haneke
JFK,1991,3h 9m,R,8.0,174K,72,Oliver Stone
Passion,1982,1h 28m,R,6.2,2.9K,,Jean-Luc Godard
Broadcast News,1987,2h 13m,R,7.3,35K,84,James L. Brooks
Evil Dead II,1987,1h 24m,R,7.7,188K,72,Sam Raimi
Still Life,2006,1h 51m,Unrated,7.3,7.5K,81,Jia Zhang-ke
Abraham's Valley,1993,3h 7m,,7.3,1.6K,,Manoel de Oliveira
Red Beard,1965,3h 5m,Not Rated,8.3,22K,90,Akira Kurosawa
My Life as a Dog,1985,1h 41m,Unrated,7.6,23K,82,Lasse Hallström
Women on the Verge of a Nervous Breakdown,1988,1h 28m,R,7.5,48K,85,Pedro Almodóvar
Shock Corridor,1963,1h 41m,Approved,7.3,13K,,Samuel Fuller
A Story from Chikamatsu,1954,1h 42m,Not Rated,8.0,5.1K,,Kenji Mizoguchi
Van Gogh,1991,2h 38m,R,7.1,3.4K,,Maurice Pialat
O Lucky Man!,1973,2h 58m,R,7.6,9K,,Lindsay Anderson
A Woman of Paris: A Drama of Fate,1923,1h 22m,Passed,6.9,6.4K,,Charles Chaplin
The Firemen's Ball,1967,1h 13m,Not Rated,7.4,13K,,Milos Forman
She Wore a Yellow Ribbon,1949,1h 44m,Approved,7.2,20K,87,John Ford
Losing Ground,1982,1h 26m,,6.6,935,,Kathleen Collins
Dodes'ka-den,1970,2h 20m,Not Rated,7.3,7.9K,,Akira Kurosawa
Street of Shame,1956,1h 26m,Not Rated,7.8,5.1K,,Kenji Mizoguchi
Edward Scissorhands,1990,1h 45m,PG-13,7.9,541K,74,Tim Burton
The Thief of Bagdad,1940,1h 46m,Approved,7.4,15K,,Ludwig Berger
Dumbo,1941,1h 4m,G,7.2,145K,96,Samuel Armstrong
Petite Maman,2021,1h 13m,PG,7.4,19K,93,Céline Sciamma
Deep End,1970,1h 28m,R,7.2,7.9K,,Jerzy Skolimowski
Smiles of a Summer Night,1955,1h 49m,Not Rated,7.7,15K,,Ingmar Bergman
El Sur,1983,1h 35m,Not Rated,7.8,6.6K,,Víctor Erice
Funeral Parade of Roses,1969,1h 45m,Not Rated,7.7,7.7K,,Toshio Matsumoto
Gummo,1997,1h 29m,R,6.6,40K,19,Harmony Korine
The Naked Island,1960,1h 36m,Not Rated,8.0,6.4K,,Kaneto Shindô
"La Commune (Paris, 1871)",2000,5h 45m,,8.0,1.4K,90,Peter Watkins
Margaret,2011,2h 30m,R,6.5,19K,61,Kenneth Lonergan
The Son,2002,1h 43m,,7.5,10K,86,Jean-Pierre Dardenne
Female Trouble,1974,1h 29m,NC-17,7.1,11K,,John Waters
Hitler: A Film from Germany,1977,7h 22m,,7.5,923,,Hans-Jürgen Syberberg
White Heat,1949,1h 54m,Approved,8.1,37K,89,Raoul Walsh
The Right Stuff,1983,3h 13m,PG,7.8,67K,91,Philip Kaufman
Scarface,1983,2h 50m,R,8.3,948K,65,Brian De Palma
They Were Expendable,1945,2h 15m,Approved,7.2,9.6K,86,John Ford
Once Upon a Time... in Hollywood,2019,2h 41m,R,7.6,885K,84,Quentin Tarantino
Sicily!,1999,1h 6m,Not Rated,6.7,1.3K,,Danièle Huillet
Persepolis,2007,1h 36m,PG-13,8.0,102K,90,Vincent Paronnaud
Grizzly Man,2005,1h 43m,R,7.8,64K,87,Werner Herzog
My Little Loves,1974,2h 3m,,7.1,1.5K,,Jean Eustache
Too Early/Too Late,1981,1h 40m,G,5.5,694,,Danièle Huillet
Shame,1968,1h 43m,R,8.0,15K,,Ingmar Bergman
Inglourious Basterds,2009,2h 33m,R,8.4,1.6M,69,Quentin Tarantino
The Tin Drum,1979,2h 22m,R,7.4,27K,63,Volker Schlöndorff
Invasion of the Body Snatchers,1956,1h 20m,Approved,7.7,57K,92,Don Siegel
Spies,1928,1h 30m,Not Rated,7.5,4.1K,,Fritz Lang
Point Break,1991,2h 2m,R,7.3,210K,60,Kathryn Bigelow
A Whole Night,1982,1h 30m,,6.8,1.1K,,Chantal Akerman
Breakfast at Tiffany's,1961,1h 55m,Approved,7.6,197K,77,Blake Edwards
Shanghai Express,1932,1h 22m,Approved,7.3,11K,83,Josef von Sternberg
Irreversible,2002,1h 37m,Not Rated,7.3,152K,51,Gaspar Noé
Starship Troopers,1997,2h 9m,R,7.3,331K,52,Paul Verhoeven
Amores Perros,2000,2h 34m,R,8.0,258K,83,Alejandro G. Iñárritu
The Asthenic Syndrome,1989,2h 33m,,6.6,1.5K,,Kira Muratova
We All Loved Each Other So Much,1974,2h 4m,,8.0,7.8K,,Ettore Scola
Time of the Gypsies,1988,2h 22m,R,8.1,33K,,Emir Kusturica
Blue Is the Warmest Colour,2013,3h,,7.7,167K,90,Abdellatif Kechiche
Clueless,1995,1h 37m,PG-13,6.9,258K,71,Amy Heckerling
Okraina,1933,1h 38m,,7.0,1.2K,,Boris Barnet
Angel,1937,1h 31m,Approved,7.2,3.4K,,Ernst Lubitsch
The Adventures of Robin Hood,1938,1h 42m,PG,7.9,56K,97,Michael Curtiz
The Unknown,1927,1h 8m,Unrated,7.7,9.7K,,Tod Browning
Red Sorghum,1988,1h 31m,Not Rated,7.3,10K,,Yimou Zhang
Mikey and Nicky,1976,1h 46m,R,7.3,7.9K,81,Elaine May
Gloria,1980,2h 3m,PG,7.1,12K,68,John Cassavetes
Monty Python and the Holy Grail,1975,1h 31m,PG,8.2,582K,91,Terry Gilliam
After Hours,1985,1h 37m,R,7.6,86K,89,Martin Scorsese
The Miracle of Morgan's Creek,1943,1h 38m,Approved,7.5,8.1K,86,Preston Sturges
The Misfits,1961,2h 5m,Approved,7.2,24K,77,John Huston
The Great Escape,1963,2h 52m,Approved,8.2,265K,86,John Sturges
Mad Love,1969,4h 12m,,7.3,897,,Jacques Rivette
Mysteries of Lisbon,2010,4h 26m,,7.6,269,,Raúl Ruiz
Dreams,1990,1h 59m,PG,7.7,30K,,Akira Kurosawa
"Spring, Summer, Fall, Winter... and Spring",2003,1h 43m,R,8.0,88K,85,Kim Ki-duk
The African Queen,1951,1h 45m,PG,7.7,86K,91,John Huston
Four Seasons,1975,29m,,7.5,959,,Artavazd Peleshian
The Mummy,1969,1h 42m,,7.7,2K,,Chadi Abdel Salam
Claire's Knee,1970,1h 45m,GP,7.5,13K,,Éric Rohmer
Juliet of the Spirits,1965,2h 17m,Not Rated,7.4,15K,84,Federico Fellini
Saving Private Ryan,1998,2h 49m,R,8.6,1.5M,91,Steven Spielberg
The Woman Next Door,1981,1h 46m,R,7.2,9.1K,,François Truffaut
It's a Gift,1934,1h 8m,Approved,7.1,5.9K,,Norman Z. McLeod
Heimat: A Chronicle of Germany,1984,,,8.6,3.4K,,Marita Breuer
Stroszek,1977,1h 55m,Not Rated,7.7,16K,,Werner Herzog
Showgirls,1995,2h 8m,NC-17,5.1,77K,23,Paul Verhoeven
Assault on Precinct 13,1976,1h 31m,R,7.3,58K,89,John Carpenter
Exotica,1994,1h 43m,R,7.0,22K,72,Atom Egoyan
Dear Diary,1993,1h 40m,Unrated,7.2,9.5K,68,Nanni Moretti
Who's Afraid of Virginia Woolf?,1966,2h 11m,Approved,8.0,82K,75,Mike Nichols
Airplane!,1980,1h 28m,PG,7.7,270K,78,Jim Abrahams
The Phantom Carriage,1921,1h 47m,Not Rated,8.0,15K,,Victor Sjöström
The End of Summer,1961,1h 43m,,7.7,4.6K,84,Yasujirô Ozu
Zabriskie Point,1970,1h 53m,R,6.9,18K,,Michelangelo Antonioni
Deep Red,1975,2h 7m,R,7.5,45K,89,Dario Argento
The River,1997,1h 55m,Not Rated,7.2,3.4K,55,Tsai Ming-liang
The Red and the White,1967,1h 30m,Not Rated,7.5,4.1K,,Miklós Jancsó
Simon of the Desert,1965,45m,Not Rated,7.8,11K,,Luis Buñuel
Wendy and Lucy,2008,1h 20m,R,7.1,20K,80,Kelly Reichardt
The Bridges of Madison County,1995,2h 15m,PG-13,7.6,92K,69,Clint Eastwood
Outsiders,1977,2h,,6.6,1.2K,70,Ousmane Sembene
Sideways,2004,2h 7m,R,7.5,209K,94,Alexander Payne
Welfare,1975,2h 47m,,8.2,666,,Frederick Wiseman
Atlantics,2019,1h 46m,TV-14,6.7,11K,85,Mati Diop
Let the Right One In,2008,1h 54m,R,7.8,231K,82,Tomas Alfredson
The Butcher,1970,1h 33m,Unrated,7.3,9.6K,,Claude Chabrol
They Live,1988,1h 34m,R,7.2,152K,55,John Carpenter
An American in Paris,1951,1h 54m,Approved,7.1,38K,83,Vincente Minnelli
Curse of the Demon,1957,1h 36m,Approved,7.4,16K,,Jacques Tourneur
Zorns Lemma,1970,1h,,6.5,851,,Hollis Frampton
The Criminal Life of Archibaldo de la Cruz,1955,1h 29m,Not Rated,7.6,6.1K,,Luis Buñuel
Tongues Untied,1989,55m,Not Rated,7.1,2K,,Marlon Riggs
The Last Temptation of Christ,1988,2h 44m,R,7.5,65K,80,Martin Scorsese
Anatomy of a Murder,1959,2h 41m,Approved,8.0,74K,95,Otto Preminger
Cemetery of Splendor,2015,2h 2m,Unrated,6.8,5.6K,88,Apichatpong Weerasethakul
Cría Cuervos,1976,1h 45m,PG,7.9,12K,,Carlos Saura
Reds,1981,3h 15m,PG,7.3,25K,76,Warren Beatty
Seven Beauties,1975,1h 56m,R,7.7,6.7K,,Lina Wertmüller
The Killer,1989,1h 51m,R,7.7,53K,82,John Woo
Meek's Cutoff,2010,1h 44m,PG,6.5,16K,85,Kelly Reichardt
Mothlight,1963,34m,,6.2,2.9K,,Stan Brakhage
From the Clouds to the Resistance,1979,1h 44m,Not Rated,6.5,498,,Danièle Huillet
Dirty Harry,1971,1h 42m,R,7.7,173K,87,Don Siegel
Roman Holiday,1953,1h 58m,Approved,8.0,151K,78,William Wyler
7th Heaven,1927,1h 50m,,7.6,4.3K,,Frank Borzage
My American Uncle,1980,2h 5m,PG,7.6,7K,,Alain Resnais
Portrait of Jennie,1948,1h 26m,Approved,7.6,8K,,William Dieterle
Naked Childhood,1968,1h 23m,Not Rated,7.4,2.8K,,Maurice Pialat
People on Sunday,1930,1h 13m,Not Rated,7.3,3.7K,,Robert Siodmak
Elephant,1989,39m,Not Rated,7.1,3.1K,,Alan Clarke
Blood Simple,1984,1h 39m,R,7.5,108K,84,Joel Coen
A History of Violence,2005,1h 36m,R,7.4,261K,82,David Cronenberg
"Khrustalyov, My Car!",1998,2h 27m,Not Rated,7.3,2.4K,,Aleksei German
The Ice Storm,1997,1h 52m,R,7.3,62K,72,Ang Lee
Near Dark,1987,1h 34m,R,6.9,47K,78,Kathryn Bigelow
The Last Emperor,1987,2h 43m,PG-13,7.7,114K,76,Bernardo Bertolucci
The Fountainhead,1949,1h 54m,Approved,7.0,11K,,King Vidor
Before Sunrise,1995,1h 41m,R,8.1,352K,78,Richard Linklater
American Beauty,1999,2h 2m,R,8.3,1.2M,84,Sam Mendes
Doomed Love,1979,4h 22m,,7.8,139,,Manoel de Oliveira
Tabu,2012,1h 58m,Not Rated,7.3,7.7K,79,Miguel Gomes
The Bitch,1931,1h 35m,Not Rated,7.5,5K,,Jean Renoir
Perfumed Nightmare,1977,1h 33m,,6.9,949,,Kidlat Tahimik
Sawdust and Tinsel,1953,1h 33m,Not Rated,7.4,7.6K,,Ingmar Bergman
Fox and His Friends,1975,2h 4m,Not Rated,7.6,7.1K,,Rainer Werner Fassbinder
Duel in the Sun,1946,2h 9m,Approved,6.7,9.8K,,King Vidor
Olympia Part One: Festival of the Nations,1938,1h 51m,Not Rated,7.7,5.5K,,Leni Riefenstahl
True Heart Susie,1919,1h 27m,Not Rated,6.9,2K,,D.W. Griffith
American Graffiti,1973,1h 50m,PG,7.4,101K,97,George Lucas
Léon: The Professional,1994,1h 50m,R,8.5,1.3M,64,Luc Besson
"Moi, un noir",1958,1h 10m,Not Rated,7.3,1.1K,,Jean Rouch
The Tarnished Angels,1957,1h 31m,Approved,7.1,4.3K,76,Douglas Sirk
Othello,1951,1h 30m,Approved,7.5,9.7K,,Orson Welles
Port of Shadows,1938,1h 31m,Not Rated,7.7,10K,,Marcel Carné
Shaun of the Dead,2004,1h 39m,R,7.9,612K,76,Edgar Wright
Gun Crazy,1950,1h 27m,Approved,7.6,16K,74,Joseph H. Lewis
The Return,2003,1h 50m,Not Rated,7.9,48K,82,Andrey Zvyagintsev
Summer with Monika,1953,1h 36m,R,7.5,17K,,Ingmar Bergman
Rope,1948,1h 20m,Approved,7.9,159K,73,Alfred Hitchcock
Ride the High Country,1962,1h 34m,Approved,7.4,15K,92,Sam Peckinpah
Anatahan,1953,1h 31m,PG,7.0,1.4K,,Josef von Sternberg
I Am Twenty,1965,3h 9m,,7.7,1.7K,,Marlen Khutsiev
The Lord of the Rings: The Return of the King,2003,3h 21m,PG-13,9.0,2M,94,Peter Jackson
The Human Beast,1938,1h 40m,Not Rated,7.5,8.6K,,Jean Renoir
A Page of Madness,1926,1h 10m,Not Rated,7.3,4.8K,,Teinosuke Kinugasa
Duel,1971,1h 30m,PG,7.6,81K,81,Steven Spielberg
,1969,2h 7m,M/PG,8.1,32K,86,Costa-Gavras
Gilda,1946,1h 50m,Approved,7.6,37K,,Charles Vidor
Beyond the Valley of the Dolls,1970,1h 49m,NC-17,6.1,12K,60,Russ Meyer
The Breakfast Club,1985,1h 37m,R,7.8,450K,66,John Hughes
The Reckless Moment,1949,1h 22m,Approved,7.1,5.9K,,Max Ophüls
Avatar,2009,2h 42m,PG-13,7.9,1.4M,83,James Cameron
Spartacus,1960,3h 17m,PG-13,7.9,146K,87,Stanley Kubrick
The Hole,1960,2h 11m,Not Rated,8.5,21K,,Jacques Becker
Handsworth Songs,1986,1h 1m,,6.9,284,,John Akomfrah
Carlito's Way,1993,2h 24m,R,7.9,238K,66,Brian De Palma
Sweetie,1989,1h 37m,R,6.7,5.6K,81,Jane Campion
Number Two,1975,1h 28m,,6.2,1.1K,,Jean-Luc Godard
Sholay,1975,2h 42m,Not Rated,8.1,60K,,Ramesh Sippy
The Host,2006,2h,,7.1,136K,85,Bong Joon Ho
Berlin: Symphony of Metropolis,1927,1h 5m,Not Rated,7.6,4.9K,,Walter Ruttmann
The Easy Life,1962,1h 48m,Not Rated,8.2,13K,,Dino Risi
Ed Wood,1994,2h 7m,R,7.8,187K,71,Tim Burton
Arabian Nights,1974,2h 10m,NC-17,6.7,9.4K,,Pier Paolo Pasolini
America America,1963,2h 54m,Approved,7.7,6.2K,72,Elia Kazan
The Godfather Part III,1990,2h 42m,R,7.6,434K,60,Francis Ford Coppola
Cul-de-sac,1966,1h 52m,Not Rated,7.0,14K,75,Roman Polanski
Kwaidan,1964,3h 3m,Not Rated,7.9,21K,,Masaki Kobayashi
Mildred Pierce,1945,1h 51m,Approved,7.9,30K,88,Michael Curtiz
The Naked Kiss,1964,1h 30m,Approved,7.2,9.1K,83,Samuel Fuller
The Last Detail,1973,1h 44m,R,7.5,29K,86,Hal Ashby
Lady Windermere's Fan,1925,2h,,7.2,1.4K,,Ernst Lubitsch
